source_path,sha256,priority,action,destination,note
my papers/2506.23998v2.pdf,c6eeed9aa4c9cedf76a0a232097998d212fef73e217d91a6d8d0f0c9574c0c91,low priority,copied,low priority/my_papers__2506.23998v2.pdf,Not selected for the 45-paper reputable-venue reading list.
my papers/2509.14597v2.pdf,140f7b98c6c8fe08646e7a671a3a171477e9dcc6988ab92b231bbd2a01bf2862,low priority,copied,low priority/my_papers__2509.14597v2.pdf,Not selected for the 45-paper reputable-venue reading list.
my papers/2509.17167v1.pdf,3d355c93240482eed19728c17d4606c30ad55c8fa7fcdb5ee9dfcad940cbe563,low priority,copied,low priority/my_papers__2509.17167v1.pdf,Not selected for the 45-paper reputable-venue reading list.
my papers/2603.08989v1.pdf,91c6c3bb015443e78bef580fd444eb79a9a056bbea014835957b5764558c1cfd,low priority,copied,low priority/my_papers__2603.08989v1.pdf,Not selected for the 45-paper reputable-venue reading list.
my papers/3828752 (1).pdf,ce769d57647ecb7548413be45f27c2748638a4966faf73988982a1f7bc20815f,MUST READ,copied,recent papers/19_2026_Yi_TAMA_ACM_TCH.pdf,Selected: relevant peer-reviewed paper in ACM Transactions on Computing for Healthcare.
research/fulltext/latest/2604.04479.pdf,356fb514accf8e6b4e691a885d33667147cba141430358314a83fab650ad59a2,low priority,copied,low priority/latest__2604.04479.pdf,Not selected for the 45-paper reputable-venue reading list.
research/fulltext/latest/2604.10834.pdf,b7b0189b602477434dc376ff38633c18004b652c1cfa346f641789e4e4aa5d79,MUST READ,copied,recent papers/01_2026_Camporese_Security_Comments_ICPC.pdf,Selected: relevant peer-reviewed paper in ICPC 2026.
research/fulltext/latest/2604.19309.pdf,82a6ff319dbbdfae1dfd8a2e3236f881b7319cc6068a76b5005e304ce991ac9f,low priority,copied,low priority/latest__2604.19309.pdf,Not selected for the 45-paper reputable-venue reading list.
research/fulltext/latest/2607.28889.pdf,41b0d9f8ab9c0e7e91f6951bfe9c3a868ae0b9c8c6f741bca74084bbdc9e9d02,low priority,copied,low priority/latest__2607.28889.pdf,Not selected for the 45-paper reputable-venue reading list.
research/fulltext/latest/2607.28890.pdf,73cc3bc0d05d3f387df6bb0f68e146d54d6694ec15b9b52c3c8c495741a9b547,low priority,copied,low priority/latest__2607.28890.pdf,Not selected for the 45-paper reputable-venue reading list.
research/fulltext/latest/chen_2026_open_codes.pdf,19a34682239bb8bdfea431b38148b5f2ed1a8b87420e92535a0ff53031d9df5d,MUST READ,copied,recent papers/02_2026_Chen_Open_Code_Metrics_ACL.pdf,Selected: relevant peer-reviewed paper in Findings of ACL 2026.
research/fulltext/latest/education_2026_inductive_coding.pdf,ff65d035890ff81a084eda6ef6373757df499cb2dc850f89d40ffb4dfc4cb9ff,MUST READ,copied,recent papers/03_2026_Dorfel_Inductive_Coding_Education_Sciences.pdf,Selected: relevant peer-reviewed paper in Education Sciences.
research/fulltext/latest/gatos_2026.pdf,28e6b30b72aa52129c62fffbfa81070733069fc38f25744d4b0cddc91b56e02d,MUST READ,copied,recent papers/04_2026_Katz_GATOS_HSSC.pdf,Selected: relevant peer-reviewed paper in Humanities and Social Sciences Communications.
research/fulltext/latest/kempny_2026_scoping_review.pdf,905f7f18916ea887cbfb56980171c232162fc272ca483190c97bd56f8035bc27,low priority,copied,low priority/latest__kempny_2026_scoping_review.pdf,Not selected for the 45-paper reputable-venue reading list.
research/fulltext/latest/matveyenko_2026_muse.pdf,ae33b7ffadbca1d5e1af179693cfa81ca3a7bb22c7dfc063e66a6e08ffde0bf4,MUST READ,copied,recent papers/05_2026_Matveyenko_Muse_ACL.pdf,Selected: relevant peer-reviewed paper in ACL 2026 Industry Track.
research/fulltext/latest/wang_2026_centaurta.pdf,f3134f3e452f3af1854b2bff6533bf5cf8ee5b1dbdd0024f5b9ad729ca0b2877,MUST READ,copied,recent papers/06_2026_Wang_CentaurTA_ACL.pdf,Selected: relevant peer-reviewed paper in Findings of ACL 2026.
research/fulltext/latest/zhu_2026_trauma.pdf,f1e26c056a807174f67bf7816a7c51bee9b75c564596e9f44231f0d88f9ca00e,MUST READ,copied,recent papers/07_2026_Zhu_Trauma_ACL.pdf,Selected: relevant peer-reviewed paper in Findings of ACL 2026.
research/fulltext/screening_2020_2024/2102.03702.pdf,92ff5dcc4f5bd5f248f02e0461b96b95512aaeb34d242c2cd4966ac7afa26a0d,low priority,copied,low priority/screening_2020_2024__2102.03702.pdf,Not selected for the 45-paper reputable-venue reading list.
research/fulltext/screening_2020_2024/2304.07366.pdf,5d50fe7f7cfc5a730d77b5d911f5a81a0dfd45844d9f12ed6499c80224c06c07,MUST READ,copied,recent papers/08_2024_Gao_CollabCoder_CHI.pdf,Selected: relevant peer-reviewed paper in CHI 2024.
research/fulltext/screening_2020_2024/2305.13014.pdf,7913af6ccc2d0b1f04e06345584a873e4dee9e118269db32d2517c0c17626024,MUST READ,copied,recent papers/09_2024_De_Paoli_Inductive_Thematic_Analysis_SSCR.pdf,Selected: relevant peer-reviewed paper in Social Science Computer Review.
research/fulltext/screening_2020_2024/2305.18099.pdf,725f7262d43da1629361e46acec3488f37c814e4053dc2f697226c3e61a586e3,low priority,copied,low priority/screening_2020_2024__2305.18099.pdf,Not selected for the 45-paper reputable-venue reading list.
research/fulltext/screening_2020_2024/2309.10771.pdf,6841892a6c5cfc292edf56663923c80eb1fb962587ac6ac0d2c88576d3ad6cc5,low priority,copied,low priority/screening_2020_2024__2309.10771.pdf,Not selected for the 45-paper reputable-venue reading list.
research/fulltext/screening_2020_2024/2309.17447.pdf,f9b81ec481090b449a1fc2d998222346e05c31dc31fe2f8b089d60d4146d07fd,MUST READ,copied,recent papers/11_2024_Parker_Educational_Survey_Feedback_IJAIED.pdf,Selected: relevant peer-reviewed paper in International Journal of Artificial Intelligence in Education.
research/fulltext/screening_2020_2024/2310.06391.pdf,2556afd7e26eeea0be07464ded24d63e2818534864e99eb6fbab8ba38b6ff573,low priority,copied,low priority/screening_2020_2024__2310.06391.pdf,Not selected for the 45-paper reputable-venue reading list.
research/fulltext/screening_2020_2024/2310.07061.pdf,7fa62ea20b873be73714ee6b855f948656d94aa5151ddc5f9490cccddc9b54b2,low priority,copied,low priority/screening_2020_2024__2310.07061.pdf,Not selected for the 45-paper reputable-venue reading list.
research/fulltext/screening_2020_2024/2401.03239.pdf,5e7bba2804aa1758ff133d174ff00e19a68e6649f0079fd20ed38beb0fcc4344,low priority,copied,low priority/screening_2020_2024__2401.03239.pdf,Not selected for the 45-paper reputable-venue reading list.
research/fulltext/screening_2020_2024/2401.03481.pdf,61b92a036342f5b2a5dcfaf78adaaa8a92940a58206c5dd0e3d3b88ab2620676,low priority,copied,low priority/screening_2020_2024__2401.03481.pdf,Not selected for the 45-paper reputable-venue reading list.
research/fulltext/screening_2020_2024/2401.04138.pdf,cfd5ef6f017b32b4298a980f09ab7f8d0379db04456cb3c4548a02a0d067719a,low priority,copied,low priority/screening_2020_2024__2401.04138.pdf,Not selected for the 45-paper reputable-venue reading list.
research/fulltext/screening_2020_2024/2401.15170.pdf,cce0a545c34a23459b04e9a541b78ceb05c76130099777765c56e8e0e9368f03,low priority,copied,low priority/screening_2020_2024__2401.15170.pdf,Not selected for the 45-paper reputable-venue reading list.
research/fulltext/screening_2020_2024/2402.01386.pdf,874cc8ab3c5c760ad09c581ecef1640eebb85f5fa3dd9ecc727c6de8d22c0caa,low priority,copied,low priority/screening_2020_2024__2402.01386.pdf,Not selected for the 45-paper reputable-venue reading list.
research/fulltext/screening_2020_2024/2404.08488.pdf,3470a02183c2907331d518b53d73540339fc229a5654d3b249eb7fceb0835b9a,low priority,copied,low priority/screening_2020_2024__2404.08488.pdf,Not selected for the 45-paper reputable-venue reading list.
research/fulltext/screening_2020_2024/2405.05758.pdf,7ac5136b2f0181e4c8e6d64070b200e54fb6d03bf36e2b78a46e2c86813a693e,MUST READ,copied,recent papers/12_2026_Meng_Human_LLM_Synergy_TOCHI.pdf,Selected: relevant peer-reviewed paper in ACM TOCHI.
research/fulltext/screening_2020_2024/2405.06919.pdf,9e583c0c76f978a4516c447b1fb85b3d85eddc7e900b3c8eaa72385b69a42420,low priority,copied,low priority/screening_2020_2024__2405.06919.pdf,Not selected for the 45-paper reputable-venue reading list.
research/fulltext/screening_2020_2024/2407.14925.pdf,307cc55f2d91205071cd189756a5ef282612319b14a76de7791ea29cc60faa24,low priority,copied,low priority/screening_2020_2024__2407.14925.pdf,Not selected for the 45-paper reputable-venue reading list.
research/fulltext/screening_2020_2024/2408.05126.pdf,51732f58ac401efaf2209bb7af2e7b4e98107839edc8651d1cfa0ff7648f6fbc,low priority,copied,low priority/screening_2020_2024__2408.05126.pdf,Not selected for the 45-paper reputable-venue reading list.
research/fulltext/screening_2020_2024/FC_prompting_panacea_edm2024.pdf,0ba338b0cd6a12f6b4f7e9789d781999e6a479170e11105272e962c617f3c221,MUST READ,copied,recent papers/13_2024_Ganesh_Prompting_as_Panacea_EDM.pdf,Selected: relevant peer-reviewed paper in EDM 2024.
research/fulltext/screening_2020_2024/TA-0901_repository.pdf,ab4752f0f5660e8132560c5246ce55950b534d8a00fa297fd58b05953e2ee042,MUST READ,copied,recent papers/14_2024_Liu_Potential_and_Limits_ICQE.pdf,Selected: relevant peer-reviewed paper in Advances in Quantitative Ethnography.
research/fulltext/screening_2020_2024/TA-0921_openalex.pdf,4472753fa89349cda28c9ad19e448062834ceb9327aad7c620fc41ec58dbb972,low priority,copied,low priority/screening_2020_2024__TA-0921_openalex.pdf,Not selected for the 45-paper reputable-venue reading list.
research/fulltext/screening_2020_2024/TA-0929_fischer-etal-2024-concept.pdf,3bcf06b9c7feaf5ef18643e34d315c7372a98afcab6c4921a25fe0f027081a5e,low priority,copied,low priority/screening_2020_2024__TA-0929_fischer-etal-2024-concept.pdf,Not selected for the 45-paper reputable-venue reading list.
research/fulltext/screening_2020_2024/TA-0954_fischer-biemann-2024-exploring.pdf,055bf3a557d5c9e671f48f795fc94dbb82ce5316c551543d79c74695248b3afc,MUST READ,copied,recent papers/15_2024_Fischer_Exploring_LLMs_for_QDA_NLP4DH.pdf,Selected: relevant peer-reviewed paper in NLP4DH 2024.
research/fulltext/screening_2020_2024/TA-0965_2406.00020v2.pdf,e9fcb869a9a624168195a29f4a9b4d9d3b290fe61807a0547f610e635c4e20e4,low priority,copied,low priority/screening_2020_2024__TA-0965_2406.00020v2.pdf,Not selected for the 45-paper reputable-venue reading list.
research/fulltext/screening_2020_2024/TA-0995_2412.14486v1.pdf,cd60c77b859d4784c4463aeee482755a365a1a67035fe734bcbcf2ed15c0737d,low priority,copied,low priority/screening_2020_2024__TA-0995_2412.14486v1.pdf,Not selected for the 45-paper reputable-venue reading list.
research/fulltext/screening_2020_2024/TA-1003_2409.17455v1.pdf,60d4d9219b26c2944369d04b5ada7019e3969c7f0362250cf916c891b8508e45,low priority,copied,low priority/screening_2020_2024__TA-1003_2409.17455v1.pdf,Not selected for the 45-paper reputable-venue reading list.
research/fulltext/screening_2020_2024/TA-1036_2407.01270v2.pdf,d9ff09feb48441aebc7d24775d1becc73a16e4709f566684d86da013e0c39fa9,low priority,copied,low priority/screening_2020_2024__TA-1036_2407.01270v2.pdf,Not selected for the 45-paper reputable-venue reading list.
research/fulltext/screening_2020_2024/TA-1096_repository.pdf,b22b8cc6b091925efc27cc6cfb484d08efc1459564a1070ee2696fdb0b083818,low priority,copied,low priority/screening_2020_2024__TA-1096_repository.pdf,Not selected for the 45-paper reputable-venue reading list.
research/fulltext/screening_2020_2024/TA-1114_repository.pdf,5eff85ab42591fdf3ed830d56aac1591ea9a42526c919a932ea898749ebf5386,MUST READ,copied,recent papers/16_2023_Spinoso_Qualitative_Code_Suggestion_EMNLP.pdf,Selected: relevant peer-reviewed paper in Findings of EMNLP 2023.
research/fulltext/screening_2020_2024/TA-1288_openalex.pdf,b2c6b571dc7df596595c40b8cd9b6d8c34f94630db543a99609b7ee0e3d1975e,low priority,copied,low priority/screening_2020_2024__TA-1288_openalex.pdf,Not selected for the 45-paper reputable-venue reading list.
research/fulltext/screening_2020_2024/TA-1291_openalex.pdf,4b19353669360c44a0d36518ddd732d015661be8a5c78cfe5559e01096452b0f,MUST READ,copied,recent papers/17_2025_Islam_Latent_Themes_ICWSM.pdf,Selected: relevant peer-reviewed paper in ICWSM 2025.
research/fulltext/screening_2020_2024/TA-1307_openalex.pdf,65f9252b945dc782dcf1d72f8170a1d6e04f9077be3c71816f29144c1ce2a3cd,MUST READ,copied,recent papers/18_2026_Object_Axial_Coding_ECIR.pdf,Selected: relevant peer-reviewed paper in ECIR 2026.
research/fulltext/screening_2020_2024/TA-1316_openalex.pdf,ca611f16f71a0040f154a4713748861b816af4891461fd6f17eed537ca425683,low priority,copied,low priority/screening_2020_2024__TA-1316_openalex.pdf,Not selected for the 45-paper reputable-venue reading list.
research/fulltext/screening_2020_2024/TA-1317_openalex.pdf,01728c5b41073c48bd5473398edbdc6f83ba1996c518c52815d4651775709540,low priority,copied,low priority/screening_2020_2024__TA-1317_openalex.pdf,Not selected for the 45-paper reputable-venue reading list.
research/fulltext/screening_2020_2024/TA-1327_openalex.pdf,b67ef2d60f301f0d40bcd7692fefd5924056207203ed833de17d85da022a3bf0,low priority,copied,low priority/screening_2020_2024__TA-1327_openalex.pdf,Not selected for the 45-paper reputable-venue reading list.
research/fulltext/screening_2020_2024/TA-1332_openalex.pdf,6d4fc2f11da1fb3a7138ac4768f8d80fa353f4d220604666bb5de37c951239b3,low priority,copied,low priority/screening_2020_2024__TA-1332_openalex.pdf,Not selected for the 45-paper reputable-venue reading list.
research/fulltext/screening_2020_2024/TA-1334_openalex.pdf,92a0db72bff8587c3089e092386a0abdfe4ec2dc06258de5b1c9ee42f45ed301,low priority,copied,low priority/screening_2020_2024__TA-1334_openalex.pdf,Not selected for the 45-paper reputable-venue reading list.
research/fulltext/screening_2020_2024/TA-1339_openalex.pdf,a634a590e3aa1c6b467f79a7421a21ff34e15f03c79a5136fff3c082c4b81d02,low priority,copied,low priority/screening_2020_2024__TA-1339_openalex.pdf,Not selected for the 45-paper reputable-venue reading list.
research/fulltext/screening_2020_2024/TA-1353_openalex.pdf,c3fbaed8c879d110e55a5295a1ab433a1e3afefe7f858b8696496fc01c250e26,low priority,copied,low priority/screening_2020_2024__TA-1353_openalex.pdf,Not selected for the 45-paper reputable-venue reading list.
research/fulltext/screening_2020_2024/TA-1354_openalex.pdf,863951b68f367ade80b7d1b72e9d8e274ff99483f70622845beadb9059b1fe88,low priority,copied,low priority/screening_2020_2024__TA-1354_openalex.pdf,Not selected for the 45-paper reputable-venue reading list.
research/fulltext/screening_2020_2024/TA-1355_openalex.pdf,e1f71ba538528f3f70089d0747114599f64ccb7f8e768042992f434541a85d55,low priority,copied,low priority/screening_2020_2024__TA-1355_openalex.pdf,Not selected for the 45-paper reputable-venue reading list.
research/fulltext/second_pass_2026/FC-03_2601.15445.pdf,ea5929cc8f341e93084d074086067cc14046c8c63c5d0017935d2ea1824ec9cd,MUST READ,copied,recent papers/27_2026_Ye_Reflexis_CHI.pdf,Selected: relevant peer-reviewed paper in CHI 2026.
research/fulltext/second_pass_2026/FC-04_springer.pdf,32ed63159c77e21ee19ca1b9aa3213ccf0218eb59539560b132a8e68ef0e18ea,not a valid paper PDF,skipped,,The file has a .pdf name but does not contain PDF data (download/error stub).
research/fulltext/second_pass_2026/FC-06_2604.00008.pdf,ea04b09175704933ff522ea32093e69034d14cacdb0f815fc7d004dcaaab3516,low priority,copied,low priority/second_pass_2026__FC-06_2604.00008.pdf,Not selected for the 45-paper reputable-venue reading list.
research/fulltext/second_pass_2026/FC-07_2603.08951.pdf,1b73453f8ea66000fb2623c74eceb1dd181ef3663ef8d524b670311f7381460b,low priority,copied,low priority/second_pass_2026__FC-07_2603.08951.pdf,Not selected for the 45-paper reputable-venue reading list.
research/fulltext/second_pass_2026/FC-08_2603.01930.pdf,e126998ab632811c2bd28fb6e7e020ab4ab12a1097b35ebf9b0cdf9dafd50ece,low priority,copied,low priority/second_pass_2026__FC-08_2603.01930.pdf,Not selected for the 45-paper reputable-venue reading list.
research/fulltext/second_pass_2026/FC-11_author.pdf,5e2819ac4d5d7d8edce11c6f6db68dd23aa7b402212e08752a18fbf1fa5ac4e5,MUST READ,copied,recent papers/29_2026_Beltran_Manifold_Thematic_Analysis_CCIS.pdf,Selected: relevant peer-reviewed paper in Springer CCIS / SEET.
research/fulltext/second_pass_2026/FC-12_2402.06124.pdf,53aad3e33bdee86737ccf6ae1d28f0ec75a322e16d3b1518c43a2776324076a1,MUST READ,copied,recent papers/28_2026_Lee_Teleoscope_CHI.pdf,Selected: relevant peer-reviewed paper in CHI 2026.
research/fulltext/second_pass_2026/FC-15_author.pdf,d23c307dcd831140257544117dfef9729ae29727533d46f561058cdeeadeef39,MUST READ,copied,recent papers/30_2026_Li_Confidence_Calibration_AIED.pdf,Selected: relevant peer-reviewed paper in AIED 2026.
research/fulltext/second_pass_2026/TA-0004_2608.07373.pdf,5f74f3c817898c2ef3b1119aed2716b895be0ef0c5c13c7c9c00b34be3aad938,low priority,copied,low priority/second_pass_2026__TA-0004_2608.07373.pdf,Not selected for the 45-paper reputable-venue reading list.
research/fulltext/second_pass_2026/TA-0008_2603.00399.pdf,8d546e6a609f59a4953c6821c31a48a2da420c06b82ada29dc0eb6d621e440ab,low priority,copied,low priority/second_pass_2026__TA-0008_2603.00399.pdf,Not selected for the 45-paper reputable-venue reading list.
research/fulltext/second_pass_2026/TA-0010_2603.19271.pdf,b1de9f27ec89492af4da304816037086172c641a84d3bea887074833da833706,low priority,copied,low priority/second_pass_2026__TA-0010_2603.19271.pdf,Not selected for the 45-paper reputable-venue reading list.
research/fulltext/second_pass_2026/TA-0016_doi.pdf,15a1a39fd93a86ee910d3590572ba74a2e6c4bf882acd96b757d5eaf67beed0c,not a valid paper PDF,skipped,,The file has a .pdf name but does not contain PDF data (download/error stub).
research/fulltext/second_pass_2026/TA-0016_ios.pdf,0da88524ecc5601feb57eb24d63dd0f38b72c627e19a0562700124f9fc75c10d,not a valid paper PDF,skipped,,The file has a .pdf name but does not contain PDF data (download/error stub).
research/fulltext/second_pass_2026/TA-0018_official.pdf,a029698e5f89fc5e7fd365d8cff7667260f497e3c53ecba8007d226d9ab5b21e,low priority,copied,low priority/second_pass_2026__TA-0018_official.pdf,Not selected for the 45-paper reputable-venue reading list.
research/fulltext/second_pass_2026/TA-0029_bmc.pdf,32ed63159c77e21ee19ca1b9aa3213ccf0218eb59539560b132a8e68ef0e18ea,not a valid paper PDF,skipped,,The file has a .pdf name but does not contain PDF data (download/error stub).
research/fulltext/second_pass_2026/TA-0029_bmc_counter.pdf,32ed63159c77e21ee19ca1b9aa3213ccf0218eb59539560b132a8e68ef0e18ea,not a valid paper PDF,skipped,,The file has a .pdf name but does not contain PDF data (download/error stub).
research/fulltext/second_pass_2026/TA-0047_2605.04491.pdf,c5fe778a29757c2391ea6f9653c8502b64e46487d2bde5d646252ac84536af97,low priority,copied,low priority/second_pass_2026__TA-0047_2605.04491.pdf,Not selected for the 45-paper reputable-venue reading list.
research/fulltext/second_pass_2026/TA-0054_publisher.pdf,ca74d617384200012a0b179147df72633cc017faf84fb70956461bf295ac61a3,MUST READ,copied,recent papers/31_2026_Berkmortel_Nurse_Sentiment_JMIR.pdf,Selected: relevant peer-reviewed paper in Journal of Medical Internet Research.
research/fulltext/second_pass_2026/TA-0064_official.pdf,b6bb8a1a1ddb234fb58d32aac05cab7f09187f530a2a624cfc95a1f19dfc243a,low priority,copied,low priority/second_pass_2026__TA-0064_official.pdf,Not selected for the 45-paper reputable-venue reading list.
research/fulltext/second_pass_2026/TA-0077_official.pdf,23c805386c8f38beed613b8aa8313647a5c4a0dc19f3c96357cf79b24b84d951,MUST READ,copied,recent papers/32_2026_Wahbeh_AutoTheme_HICSS.pdf,Selected: relevant peer-reviewed paper in HICSS 2026.
research/fulltext/second_pass_2026/TA-0120_official.pdf,50e2b1a711c21be25b046260093f5550bc55a70a3dbb2aa5236b9d85621fc9b7,MUST READ,copied,recent papers/33_2026_Hutchinson_AI_vs_Human_Coding_OJPHI.pdf,Selected: relevant peer-reviewed paper in Online Journal of Public Health Informatics.
research/fulltext/second_pass_2026/TA-0123_2608.16467.pdf,553e0d83adbf5095200d59bf7601c93addc8e58bc4cd91682b6e568580de5188,low priority,copied,low priority/second_pass_2026__TA-0123_2608.16467.pdf,Not selected for the 45-paper reputable-venue reading list.
research/fulltext/second_pass_2026/TA-0137_2603.18398.pdf,5253e5d2781b5839eaba7e25c0b0baf67c8a066d2466e9f0cd72e67d8f6d7a5d,low priority,copied,low priority/second_pass_2026__TA-0137_2603.18398.pdf,Not selected for the 45-paper reputable-venue reading list.
research/fulltext/second_pass_2026/TA-0151_2601.12618.pdf,c5090a149a89331650d46248906829c67313a3b4a73c628eaf194f8944c89946,MUST READ,copied,recent papers/34_2026_Tajik_Disagreement_as_Data_LAK.pdf,Selected: relevant peer-reviewed paper in LAK 2026.
research/fulltext/second_pass_2026/TA-0153_2608.04120.pdf,7d6bfd7a6cc17ef20bfe71a5deaa6f4feae8f0c72862fb6648eb4d7d11f84088,low priority,copied,low priority/second_pass_2026__TA-0153_2608.04120.pdf,Not selected for the 45-paper reputable-venue reading list.
research/fulltext/second_pass_2026/TA-0175_doi.pdf,840da698befb3ecf36876a684e47314e9fa071fd66bdc2bac1d8ac908eb55f0a,not a valid paper PDF,skipped,,The file has a .pdf name but does not contain PDF data (download/error stub).
research/fulltext/second_pass_2026/TA-0175_repository.pdf,b553e7b3dc26660eeec87230228c6a1bacb9dda3c8c3daac56f4dda7866f327d,low priority,copied,low priority/second_pass_2026__TA-0175_repository.pdf,Not selected for the 45-paper reputable-venue reading list.
research/fulltext/second_pass_2026/TA-0228_2601.11850.pdf,7faf6536d591b8e65bcaee1633ed199491aeb160368ffbda396a42d46d9e0215,low priority,copied,low priority/second_pass_2026__TA-0228_2601.11850.pdf,Not selected for the 45-paper reputable-venue reading list.
research/fulltext/second_pass_2026/TA-0251_doi.pdf,def912e98a0c2ac7c951a44d74aa0513605ba158f6ed95a3a5abcf0e7e22c798,not a valid paper PDF,skipped,,The file has a .pdf name but does not contain PDF data (download/error stub).
research/fulltext/second_pass_2026/TA-0255_publisher.pdf,c1c84d6ab83be8d4f017b3e2ba643440eef39c79c81a4e698a8a722b7f2a97b8,low priority,copied,low priority/second_pass_2026__TA-0255_publisher.pdf,Not selected for the 45-paper reputable-venue reading list.
research/fulltext/second_pass_2026/TA-0264_publisher.pdf,b843378066e7b8c9413da0c2cda600c1ad4ba72d2c4da81e01ac9e8ba7d226d0,MUST READ,copied,recent papers/35_2026_Xu_Autism_Annotation_JMIR.pdf,Selected: relevant peer-reviewed paper in Journal of Medical Internet Research.
research/fulltext/second_pass_2026/TA-0276_publisher.pdf,908917c39205d5bc335b479a915a986d809ab92b1666d82d3e873df1d9b554b2,low priority,copied,low priority/second_pass_2026__TA-0276_publisher.pdf,Not selected for the 45-paper reputable-venue reading list.
research/fulltext/second_pass_2026/TA-0294_2606.15566.pdf,efd92d93afab187f7e6fa98de78935bbcedc1b2f0bf7c87f0c1e4ef26a20aa02,low priority,copied,low priority/second_pass_2026__TA-0294_2606.15566.pdf,Not selected for the 45-paper reputable-venue reading list.
research/fulltext/second_pass_2026/TA-0314_official.pdf,1fe6703f94eb3586436a4f298de5fb8edf385eb919119e12a8f1aae0712e2da9,low priority,copied,low priority/second_pass_2026__TA-0314_official.pdf,Not selected for the 45-paper reputable-venue reading list.
research/fulltext/second_pass_2026/TA-0330_doi.pdf,3a4ad854d964c75922a1d832ff090e4c1a936a1ac9fabc10cee2273ae06e2737,not a valid paper PDF,skipped,,The file has a .pdf name but does not contain PDF data (download/error stub).
research/fulltext/second_pass_2026/TA-0336_osf.pdf,91c8d259b633e8ad2f2ca2b305172cd14df3398abb6193802b2e46780d40e399,MUST READ,copied,recent papers/36_2026_Nguyen_NITA_QRP.pdf,Selected: relevant peer-reviewed paper in Qualitative Research in Psychology.
research/fulltext/second_pass_2026/TA-0338_2601.12181.pdf,df741f2221d00326b80ccf2986a5eed7a7c2603e2a0a754b498cf5bacf8e7755,MUST READ,copied,recent papers/37_2026_Ma_AI_Companions_CHI.pdf,Selected: relevant peer-reviewed paper in CHI 2026.
research/fulltext/second_pass_2026/TA-0345_author.pdf,b4f6836cbe5fc51950b133a77e65610d2f9e6f17f9ef9b4a4fb52c970db85f09,MUST READ,copied,recent papers/38_2026_Habib_Cochlear_Implant_Human_LLM_AJA.pdf,Selected: relevant peer-reviewed paper in American Journal of Audiology.
research/fulltext/second_pass_2026/TA-0351_official.pdf,1fe9b59b7a09d53c58942ab0f276970ef484e755821af6f85f4899b748804c45,MUST READ,copied,recent papers/39_2026_Fischer_Perspectives_NLP4DH.pdf,Selected: relevant peer-reviewed paper in NLP4DH 2026.
research/fulltext/second_pass_2026/TA-0360_arxiv.pdf,03269d946e916ae75af60cce56d3ed3ca3a049422965d392be1c70039df650d2,MUST READ,copied,recent papers/40_2026_Khalid_Prompt_Engineering_SSCR.pdf,Selected: relevant peer-reviewed paper in Social Science Computer Review.
research/fulltext/second_pass_2026/TA-0370_arxiv.pdf,d5a5697089301cf10a017ccdfa12de3798c209aeb40fc70fe44d02717b91ca13,MUST READ,copied,recent papers/41_2026_Ngo_Open_Source_Qualitative_Coding_CHI.pdf,Selected: relevant peer-reviewed paper in CHI 2026 Extended Abstracts.
research/fulltext/second_pass_2026/TA-0373_official.pdf,7f95749d9a8a951b087bc9d3101017097ef32738fb0f8567518f0229a365e732,low priority,copied,low priority/second_pass_2026__TA-0373_official.pdf,Not selected for the 45-paper reputable-venue reading list.
research/fulltext/second_pass_2026/TA-0382_arxiv.pdf,34604468037f972875e999e96459330ce6c54fd33fe74562e0421bde8a45c066,MUST READ,copied,recent papers/42_2026_Chen_RAEC_PSB.pdf,Selected: relevant peer-reviewed paper in Pacific Symposium on Biocomputing.
research/fulltext/second_pass_2026/TA-0385_2604.23255.pdf,bdbb48a29d0aede3e1c47ab18fa31d31eb0a31edb9a13b40e90348ad280db038,low priority,copied,low priority/second_pass_2026__TA-0385_2604.23255.pdf,Not selected for the 45-paper reputable-venue reading list.
research/fulltext/second_pass_2026/TA-0386_2602.22359.pdf,7dd5225de2a745e4e7598e53498d8078cee495bd23cd494466629274f8c39b4a,low priority,copied,low priority/second_pass_2026__TA-0386_2602.22359.pdf,Not selected for the 45-paper reputable-venue reading list.
research/fulltext/second_pass_2026/TA-0388_2607.21549.pdf,4e0b87c4587e608591c44ac57c28e8d3d442c0621d618c6586aa2ae54c4126f9,low priority,copied,low priority/second_pass_2026__TA-0388_2607.21549.pdf,Not selected for the 45-paper reputable-venue reading list.
research/fulltext/second_pass_2026/TA-0389_2601.09905.pdf,e04ea01cfb0dff4c243a0b074d6a53d5225458729896edebb378b6c9baca88f7,low priority,copied,low priority/second_pass_2026__TA-0389_2601.09905.pdf,Not selected for the 45-paper reputable-venue reading list.
research/fulltext/second_pass_2026/TA-0392_2603.04413.pdf,564432740c8757bdbfb580f988ab682beb6b5f0f93b0717f43f453329cb85365,low priority,copied,low priority/second_pass_2026__TA-0392_2603.04413.pdf,Not selected for the 45-paper reputable-venue reading list.
research/fulltext/second_pass_2026/TA-0419_2602.19690.pdf,5255ecb759ba29ee41b1ce477051679a5c14bc909ddef79a97cc21998bd978a7,low priority,copied,low priority/second_pass_2026__TA-0419_2602.19690.pdf,Not selected for the 45-paper reputable-venue reading list.
research/fulltext/second_pass_2026/TA-0424_official.pdf,3232c29a0cb329ab0bdd439b683dbf42dd918e15e0bdb3de72de1dd7360df127,low priority,copied,low priority/second_pass_2026__TA-0424_official.pdf,Not selected for the 45-paper reputable-venue reading list.
research/fulltext/second_pass_2026/TA-0426_osf.pdf,7930f06612687b2e91590303dab6109f2ffe0c11377bc597ece094fec82fc286,low priority,copied,low priority/second_pass_2026__TA-0426_osf.pdf,Not selected for the 45-paper reputable-venue reading list.
research/fulltext/second_pass_2026/TA-0441_2601.11398.pdf,b5b99af96007e3ab9a44ce1304e5ce86b6ed494c8bbeb79a889512182e5c0f49,low priority,copied,low priority/second_pass_2026__TA-0441_2601.11398.pdf,Not selected for the 45-paper reputable-venue reading list.
research/fulltext/second_pass_2026/TA-0445_2602.09339.pdf,75b9ec321d1aa27fcfd9b48e9204bcb612c0b3efec3bc23eb4a72f630b80ba3a,low priority,copied,low priority/second_pass_2026__TA-0445_2602.09339.pdf,Not selected for the 45-paper reputable-venue reading list.
research/fulltext/second_pass_2026/TA-0453_publisher.pdf,1ff2f123525c5bc9616b04afdac9940d2b027b4bfdb8b8a96013b16d48fe98aa,MUST READ,copied,recent papers/43_2026_Galatzer_Levy_Veteran_Narratives_JMIR.pdf,Selected: relevant peer-reviewed paper in JMIR Mental Health.
research/fulltext/second_pass_2026/TA-0454_publisher.pdf,90e08c2fcda070bf9c022c384391df3fda49fb1275a849db3adca8aa5640a990,low priority,copied,low priority/second_pass_2026__TA-0454_publisher.pdf,Not selected for the 45-paper reputable-venue reading list.
research/fulltext/second_pass_2026/TA-0460_publisher.pdf,e0c5912f58f9bf47804e47a2dddfc060859abe97a20b226f91f617013c818fe3,MUST READ,copied,recent papers/44_2026_Kivity_Chronic_Illness_Thematic_Analysis_JMIR.pdf,Selected: relevant peer-reviewed paper in Journal of Medical Internet Research.
research/fulltext/second_pass_2026/TA-0475_2604.20131.pdf,3499a81c505737154498a36216323b94f31bc55b1b1d149cc1420d6b54f9b76c,low priority,copied,low priority/second_pass_2026__TA-0475_2604.20131.pdf,Not selected for the 45-paper reputable-venue reading list.
research/fulltext/second_pass_2026/ronaghi_2601.14478.pdf,a9d8604d47cccbe9bfbf006e31e1a4ef939410248eba345b9ef722a0415b4a01,low priority,copied,low priority/second_pass_2026__ronaghi_2601.14478.pdf,Not selected for the 45-paper reputable-venue reading list.
tmp/pdfs/ashwin2025.pdf,f6c4a3593b73ee1f502a7d65a4c85c9ac21caf8dfc7f52d2250ecd27b0a5c407,MUST READ,copied,recent papers/26_2025_Ashwin_Serious_Bias_SMR.pdf,Selected: relevant peer-reviewed paper in Sociological Methods & Research.
tmp/pdfs/ashwin_published.pdf,c8bb26165dc6287826876a47124cace73746a899c53a189835727fe6f4eef6e4,not a valid paper PDF,skipped,,The file has a .pdf name but does not contain PDF data (download/error stub).
tmp/pdfs/centaurta2026.pdf,f3134f3e452f3af1854b2bff6533bf5cf8ee5b1dbdd0024f5b9ad729ca0b2877,MUST READ,exact duplicate; not copied again,recent papers/06_2026_Wang_CentaurTA_ACL.pdf,Exact duplicate of research/fulltext/latest/wang_2026_centaurta.pdf.
tmp/pdfs/chen2026.pdf,19a34682239bb8bdfea431b38148b5f2ed1a8b87420e92535a0ff53031d9df5d,MUST READ,exact duplicate; not copied again,recent papers/02_2026_Chen_Open_Code_Metrics_ACL.pdf,Exact duplicate of research/fulltext/latest/chen_2026_open_codes.pdf.
tmp/pdfs/dai2023.pdf,379b9e9e9ec83f4a5c641e4c9b7dc2b6dce09928ed5866873edf19c64e72aba5,MUST READ,copied,recent papers/10_2023_Dai_LLM_in_the_Loop_EMNLP.pdf,Selected: relevant peer-reviewed paper in Findings of EMNLP 2023.
tmp/pdfs/details2025full.pdf,59e7989029e0f9816e7890ca59de0eb7324163a2400b01332656de4291fcf07a,MUST READ,copied,recent papers/21_2025_Sharma_DeTAILS_CUI.pdf,Selected: relevant peer-reviewed paper in ACM CUI 2025.
tmp/pdfs/hicode2025.pdf,8438b1fe569db45994b2c69232a1e5f778e3719b5730a5260a3775b254656884,MUST READ,copied,recent papers/20_2025_Zhong_HICode_EMNLP.pdf,Selected: relevant peer-reviewed paper in EMNLP 2025.
tmp/pdfs/llm_ta.pdf,f083f8c364b049800796c98bf4c1d7bb8ede65f9319fffdf73e2e7ee3ae1c61c,low priority,copied,low priority/tmp__llm_ta.pdf,Not selected for the 45-paper reputable-venue reading list.
tmp/pdfs/lloom2024.pdf,51376ba95552521c12138565431649022d6cad879967b9a6c992f8ee696948dd,MUST READ,copied,recent papers/22_2024_Lam_LLooM_CHI.pdf,Selected: relevant peer-reviewed paper in CHI 2024.
tmp/pdfs/mathis2024.pdf,49b6d95af4e2c6ab5116ef5f8329f683721ef7f24edd4d6062f93c2721d90782,not a valid paper PDF,skipped,,The file has a .pdf name but does not contain PDF data (download/error stub).
tmp/pdfs/parfenova2024.pdf,8924a2afc65f9d41f5550fa6ff44418049d01353bef028c696ab05bd7101af21,low priority,copied,low priority/tmp__parfenova2024.pdf,Not selected for the 45-paper reputable-venue reading list.
tmp/pdfs/parfenova2025.pdf,d6598af6a64f614f7a81cdf50387ecead52556962a4babd60fa353a80cf1ed19,MUST READ,copied,recent papers/24_2025_Parfenova_Text_Annotation_Inductive_Coding_NAACL.pdf,Selected: relevant peer-reviewed paper in Findings of NAACL 2025.
tmp/pdfs/parfenova_eval2025.pdf,3c125e239ce1d09c073cc1e008d1568bb07d27e86c609d6a798022446eb8dbee,MUST READ,copied,recent papers/25_2025_Parfenova_Measuring_What_Matters_ACL.pdf,Selected: relevant peer-reviewed paper in Findings of ACL 2025.
tmp/pdfs/quallm2025.pdf,9a6a3d94095b4e545294840686f264c6c44b1eeac01882cc6d321b103379dfb9,MUST READ,copied,recent papers/23_2025_Rao_QuaLLM_NAACL.pdf,Selected: relevant peer-reviewed paper in Findings of NAACL 2025.
tmp/pdfs/thematiclm_try.pdf,643fde7a3bc20b0ebad55a698e826ec7d3bdf3002dc75fc94012006a29a096eb,not a valid paper PDF,skipped,,The file has a .pdf name but does not contain PDF data (download/error stub).
tmp/pdfs/www2025-proceedings.pdf,ceae3b18d4575aac4de657a0e8a408346586e612afbf4d8637e35cec91eb3872,low priority,copied,low priority/tmp__www2025-proceedings.pdf,Not selected for the 45-paper reputable-venue reading list.
tmp/pdfs/yu2025.pdf,15047d0d415f07c2fbeca378eae14c91af82367d85d1933ddb71cfe9e5b855e5,MUST READ,copied,recent papers/45_2025_Yu_Same_Company_Same_Signal_ACL.pdf,Selected: relevant peer-reviewed paper in Findings of ACL 2025.
