epoch,artifact_id,review_status,decision,allegations,review_integrity_flags,learning_status,candidates,added,active_rules_after
1,TA_PKT_29de700981b105e4,valid,no_flaw_established,0,2,valid,1,0,2
1,TA_PKT_2cd6cab5f18bd96a,valid,no_flaw_established,0,2,valid,1,0,2
1,TA_PKT_35e4f9ef24450d68,valid,no_flaw_established,0,0,valid,2,0,2
2,TA_PKT_29de700981b105e4,valid,no_flaw_established,0,2,valid,1,0,2
2,TA_PKT_2cd6cab5f18bd96a,valid,no_flaw_established,0,2,valid,1,0,2
2,TA_PKT_35e4f9ef24450d68,valid,no_flaw_established,0,0,valid,1,0,2
3,TA_PKT_29de700981b105e4,valid,no_flaw_established,0,2,valid,1,0,2
3,TA_PKT_2cd6cab5f18bd96a,valid,no_flaw_established,0,2,valid,1,0,2
3,TA_PKT_35e4f9ef24450d68,valid,no_flaw_established,0,0,valid,1,0,2
