assignment_id,actor_id,actor_kind,rating_repetition,sequence,item_id,item_payload_sha256,interface_version,shared_rater_guide_version,shared_rater_guide_sha256,semantic_input_sha256,packet_id,output_id,corpus_id,evaluation_role
DJA_0285f69111dfb4e0,charlie,human,1,1,DJI_5831c8291b65adb9,b26e17932d4e94962285db954f8ed5d06ef171ae8cc2d8bc9e51182c3421ceda,direction-j-shared-interface-v1,direction-j-rater-guide-v1,ab0e8dfb1992927e8b2202353da55eba47f45a691222275c3feab42d53a46b4f,11bedbd3673c34b66354be1559195475f46a1df8ab354ebf040bbb431a4e65a2,DJP_5831c8291b65adb9,DJO_920399584d6cd783,synthetic_proxy,synthetic_qualification
DJA_fa30e9e714c4cd60,charlie,human,1,2,DJI_25bb2940d78a959d,92e9e43d80ac3c83f9c79bba29c400c0b8e0fc9516a5374c491003e5f8372620,direction-j-shared-interface-v1,direction-j-rater-guide-v1,ab0e8dfb1992927e8b2202353da55eba47f45a691222275c3feab42d53a46b4f,87f59828d91504fa42592f16fd9350ee12513a48b5f604f9d788bafe64024feb,DJP_25bb2940d78a959d,DJO_2969ff7c3dc38047,synthetic_proxy,synthetic_qualification
DJA_f83b9b4b89b1ee75,charlie,human,1,3,DJI_e869b8db9ec44e87,bc105b3e15cb29e94a03ea082aa4b6f6604509010b739de520e078150b0b2bbb,direction-j-shared-interface-v1,direction-j-rater-guide-v1,ab0e8dfb1992927e8b2202353da55eba47f45a691222275c3feab42d53a46b4f,5daa1b2f4cd0dd1ee62462fcb42084ecd5055fa151b1565f62712d90a7e61207,DJP_e869b8db9ec44e87,DJO_fdacb99826c28c68,synthetic_proxy,synthetic_qualification
DJA_cf0c7e6f8398b068,charlie,human,1,4,DJI_182867ba6d054a6e,e5cba4ac9484e8773113e16151d040af704d6d6b906eb1e51c7674c2090d029e,direction-j-shared-interface-v1,direction-j-rater-guide-v1,ab0e8dfb1992927e8b2202353da55eba47f45a691222275c3feab42d53a46b4f,364cd90d286ae24a3dd5e2b72a1c6a9c7eae7df8ec109c19151aaf6e5d352825,DJP_182867ba6d054a6e,DJO_80a80e9a070aac88,synthetic_proxy,synthetic_qualification
DJA_3f8eb292901079c2,charlie,human,1,5,DJI_1aecead673a9bce7,77dcb6d82c177c048778d9dbb10a7962ad011bf0a557ad54a6d8711b2006e518,direction-j-shared-interface-v1,direction-j-rater-guide-v1,ab0e8dfb1992927e8b2202353da55eba47f45a691222275c3feab42d53a46b4f,76eb82c4af592008a94b8f9428ad8fff94f08e931795e433e02b1daebe3ab2bf,DJP_1aecead673a9bce7,DJO_0bf91643617e75f6,synthetic_proxy,synthetic_qualification
DJA_3e2d56d7728774bc,charlie,human,1,6,DJI_e8d915eb23ac2926,50bd3e2e63fd2ff4014641559eaf4368c2976cae97cd04a405dec02940dbdc17,direction-j-shared-interface-v1,direction-j-rater-guide-v1,ab0e8dfb1992927e8b2202353da55eba47f45a691222275c3feab42d53a46b4f,2e0c0314b839d80e3c454a6869683e6d9c923e2a360eb882cffa9bbf3a6bedde,DJP_e8d915eb23ac2926,DJO_19cb3c3a6ef9cff4,synthetic_proxy,synthetic_qualification
DJA_6092e0a5b8a6c03a,charlie,human,1,7,DJI_7bbafe9eee1c1abc,5ee77f60283e0a0231684ff59e9450e65065d33e8e1c806a5a9e6ccfe0de358b,direction-j-shared-interface-v1,direction-j-rater-guide-v1,ab0e8dfb1992927e8b2202353da55eba47f45a691222275c3feab42d53a46b4f,807ba5d9c501b6fcbaee445faa03fb9765a421179646d7b3a530ba64cc6d68f7,DJP_7bbafe9eee1c1abc,DJO_e75f7efa111a3229,synthetic_proxy,synthetic_qualification
DJA_663242f4a9a4d2c3,charlie,human,1,8,DJI_3a0d02fda0287ffe,4edc8e5697e743768ab3c6e38149c382cb6b37a0bef30da367b416e52a3903aa,direction-j-shared-interface-v1,direction-j-rater-guide-v1,ab0e8dfb1992927e8b2202353da55eba47f45a691222275c3feab42d53a46b4f,162958edd525fe387183dac498583ab07b45f2003afb9e66fe2d8b10e20e87dc,DJP_3a0d02fda0287ffe,DJO_bc92d057ee323b3d,synthetic_proxy,synthetic_qualification
DJA_a77551d7bdd66e90,charlie,human,1,9,DJI_2f879f0b0ab77dbf,f0aaaaec061e72222fb658b7768ade09742ee2594123f50bfd7f2826699a2654,direction-j-shared-interface-v1,direction-j-rater-guide-v1,ab0e8dfb1992927e8b2202353da55eba47f45a691222275c3feab42d53a46b4f,558c14a446306cc67a5bc6114dd7e09efa37f3b8a22992668af1864a41fa88a1,DJP_2f879f0b0ab77dbf,DJO_116cc3b0d3493428,synthetic_proxy,synthetic_qualification
DJA_ae82bda91144118b,charlie,human,1,10,DJI_23d76b41348df92f,3ec0139befa0cba647d5b0adba2dd54cea3a829de992a32b55531ab9fc1d0794,direction-j-shared-interface-v1,direction-j-rater-guide-v1,ab0e8dfb1992927e8b2202353da55eba47f45a691222275c3feab42d53a46b4f,4ba3643d4c04b609b4547007a75e44613eb8d297bcb8786c648c8342cb020bdf,DJP_23d76b41348df92f,DJO_30b0df98e4d02972,synthetic_proxy,synthetic_qualification
DJA_8ac56e8da3909bd6,charlie,human,1,11,DJI_c518be1584e33d8d,b88683794b3eeddf145958528d3b8a1a759bc019c03cee34f8c4cdd755f04db0,direction-j-shared-interface-v1,direction-j-rater-guide-v1,ab0e8dfb1992927e8b2202353da55eba47f45a691222275c3feab42d53a46b4f,5f32b568ef8fb9cc16e5ed2668b23cb5e0faba762a9cb52d7650304772b82af4,DJP_c518be1584e33d8d,DJO_9d7b4444b46a1f70,synthetic_proxy,synthetic_qualification
DJA_0ef72053adef4c98,charlie,human,1,12,DJI_7869dc2eaa096dc9,3103d59093676cca7375067307adc40f17ebabd8dac24848409f28abbe95910a,direction-j-shared-interface-v1,direction-j-rater-guide-v1,ab0e8dfb1992927e8b2202353da55eba47f45a691222275c3feab42d53a46b4f,1b9fb3bd7f041eed8e8bcc9bb74f6fd3d895c87a5949f348a70c14a838ab29fb,DJP_7869dc2eaa096dc9,DJO_00344a85090269c5,synthetic_proxy,synthetic_qualification
DJA_e3b71cc84ca861b8,charlie,human,1,13,DJI_645ad2ef137ddbff,7bcbe336f57e489ad949631a0acfc6d16ab79abf88d705042ef493c692fcb288,direction-j-shared-interface-v1,direction-j-rater-guide-v1,ab0e8dfb1992927e8b2202353da55eba47f45a691222275c3feab42d53a46b4f,fbf50022b38a6020e2b5d6bbcad601bce51804096354e9bfff7dabc49c4dedc2,DJP_645ad2ef137ddbff,DJO_cb6bb7dc15ddd38f,synthetic_proxy,synthetic_qualification
DJA_2486cd4769f9ad5d,charlie,human,1,14,DJI_fd4cdb2f41c5dcc4,bb83a8d6055c619c8da6d237038fd6acc70e3b2a042c38e2d0f5a154de7e3a26,direction-j-shared-interface-v1,direction-j-rater-guide-v1,ab0e8dfb1992927e8b2202353da55eba47f45a691222275c3feab42d53a46b4f,f3d9f497bb9090e41c1609d54678f22f2810274e4f1a954907c6d7b3af4a3590,DJP_fd4cdb2f41c5dcc4,DJO_61ebefa70162535f,synthetic_proxy,synthetic_qualification
DJA_69ccf9b508c87b3e,charlie,human,1,15,DJI_7e9c6d85a7e38f68,dea26412000d8b6e833963da880f93ebe266b7c30f9aa620429caae0d31e43aa,direction-j-shared-interface-v1,direction-j-rater-guide-v1,ab0e8dfb1992927e8b2202353da55eba47f45a691222275c3feab42d53a46b4f,82b28b2fe9aa5a02761d00dd6afbeb20170a0fb5997e475e782efe95022e1803,DJP_7e9c6d85a7e38f68,DJO_71e8bc21c63a537f,synthetic_proxy,synthetic_qualification
DJA_3c58e6ce9bb9d3ef,charlie,human,1,16,DJI_3885e6b0f98d6619,0a6f6da8f87c3f550965df426176ffb82f0027978332c8193c3ed89baa67ec95,direction-j-shared-interface-v1,direction-j-rater-guide-v1,ab0e8dfb1992927e8b2202353da55eba47f45a691222275c3feab42d53a46b4f,c5d7afd43548e5a3842694f65d50869520a24d6b80e24ebb23834fd14f037433,DJP_3885e6b0f98d6619,DJO_b6bdbf388f2bbe2b,synthetic_proxy,synthetic_qualification
DJA_298db39bdcc0c00e,charlie,human,1,17,DJI_da76e5b5070c44c4,b23f8c83c87e7157ddee53b0831b36373c881f6cadf6a186630b645a975520bc,direction-j-shared-interface-v1,direction-j-rater-guide-v1,ab0e8dfb1992927e8b2202353da55eba47f45a691222275c3feab42d53a46b4f,952fbc33da3d02b73da0bda6ff73610afa845fdb141fa95c10ae51d903dd0e96,DJP_da76e5b5070c44c4,DJO_3791b9b51e32c835,synthetic_proxy,synthetic_qualification
DJA_f84a2e95b8ec07e4,charlie,human,1,18,DJI_70bfbcedae39ee6c,e2b67cdd262322d41e3df72ca0992040e7088cf92be9bb302b246b4fa80fbee7,direction-j-shared-interface-v1,direction-j-rater-guide-v1,ab0e8dfb1992927e8b2202353da55eba47f45a691222275c3feab42d53a46b4f,7c8632f432fd0683ada324798cec9cba7757fa429d0b3a52803abb76e5560623,DJP_70bfbcedae39ee6c,DJO_cd4f80436a5bd6a2,synthetic_proxy,synthetic_qualification
DJA_7c80e664139bbd6e,charlie,human,1,19,DJI_a27b6c981663f393,cfe581515b1b4f902d768286200be0f39e8046814a098570b60c9f57665c69b5,direction-j-shared-interface-v1,direction-j-rater-guide-v1,ab0e8dfb1992927e8b2202353da55eba47f45a691222275c3feab42d53a46b4f,4a5ab339d1f2c6d4e71a0a0e2da62ee74b6c70498a230d98907cad75c961f461,DJP_a27b6c981663f393,DJO_efb475f57b0decfa,synthetic_proxy,synthetic_qualification
DJA_334be1685241adef,charlie,human,1,20,DJI_c6509bc584251b91,2c9d133493b9be792a5916782bea84dd6951f1347cedb667b68f9f5446b774d4,direction-j-shared-interface-v1,direction-j-rater-guide-v1,ab0e8dfb1992927e8b2202353da55eba47f45a691222275c3feab42d53a46b4f,d70a3dea49c26de7e8b2d5514f79536a0c50f0bba58abf145565e743bcbff863,DJP_c6509bc584251b91,DJO_dc8ffa32ecf14eb2,synthetic_proxy,synthetic_qualification
DJA_4e212f499b19d879,charlie,human,1,21,DJI_2e5692df78c6fe25,440af8916a93a574851c7e93aaca8651a2a3057a6a6dfd618d6fbd0756d4765d,direction-j-shared-interface-v1,direction-j-rater-guide-v1,ab0e8dfb1992927e8b2202353da55eba47f45a691222275c3feab42d53a46b4f,13bc2a19d52d5b24be8a3ff7380e3312b20301c6342afcb544ce11294fc12820,DJP_2e5692df78c6fe25,DJO_a37d8df86ec6b850,synthetic_proxy,synthetic_qualification
DJA_d639d434ad8c3684,charlie,human,1,22,DJI_aee57d7a673ff2a7,2b0314d6c153ed5c2be963974244c40110ce99354a773f19677185699cecc5cd,direction-j-shared-interface-v1,direction-j-rater-guide-v1,ab0e8dfb1992927e8b2202353da55eba47f45a691222275c3feab42d53a46b4f,8d713a0859bc75853f863e09932d7ee33d1abd97df74655d6833295002449c1e,DJP_aee57d7a673ff2a7,DJO_1712dfc3bdf0f54e,synthetic_proxy,synthetic_qualification
DJA_f7d5324bad63c3b3,charlie,human,1,23,DJI_289f59a69f962879,40f87c57f6098178c7cfb23682705ce6092a184f3685243403ed7e94b1ac0b2b,direction-j-shared-interface-v1,direction-j-rater-guide-v1,ab0e8dfb1992927e8b2202353da55eba47f45a691222275c3feab42d53a46b4f,96cdb15926b87e031f4cdde631f28d6a413979aef29b0a9e82dc56d320af6cf9,DJP_289f59a69f962879,DJO_bb56fe19f2708929,synthetic_proxy,synthetic_qualification
DJA_16f6786134cc7e02,charlie,human,1,24,DJI_1d9064b8b36d3dee,1e8f7d6869437f8386103d3d4a5cbc049d063a2e8cfc1f28ceda85140c5c5946,direction-j-shared-interface-v1,direction-j-rater-guide-v1,ab0e8dfb1992927e8b2202353da55eba47f45a691222275c3feab42d53a46b4f,a9268c744f05fc24f396adc5c4af00736f71a73f03e0f40dabdc3efebbecbd52,DJP_1d9064b8b36d3dee,DJO_0219c7c991880474,synthetic_proxy,synthetic_qualification
